TITLE,ISBN
Animism and the question of life / Istvan Praet.,9780415704953
"Azouz Begag, Le gone du Chaa¿¿ba / Pierre-Louis Fort.",9782745327338
Brief history of death / W.M. Spellman.,9781780232652
Cata¿¿logo de formas / Nicola¿¿s Cabral.,9788492865895
Children of paradise : a novel / Fred D'Aguiar.,9781847088611
Claudio.com pasio¿¿n en li¿¿nea / Sonia Ehlers.,9788415824770
Envoy : a diplomatic journey / Nicholas Barrington.,9781780767994
Fragilidad del neo¿¿n / Juan Laborda Barcelo¿¿.,9788415900351
Gafu kensei goju¿¿nenshi / [Tanaka Man'itsu hen].,9784642038263
Cancer ward / Alexander Solzhenit︠s︡yn., 394604997